Protocollo;Gruppo;DataOraIncidente;Localizzazione1;STRADA1;Localizzazione2;STRADA2;Strada02;Chilometrica;DaSpecificare;NaturaIncidente;particolaritastrade;TipoStrada;FondoStradale;Pavimentazione;Segnaletica;CondizioneAtmosferica;Traffico;Visibilita;Illuminazione;NUM_FERITI;NUM_RISERVATA;NUM_MORTI;NUM_ILLESI;Longitudine;Latitudine;Confermato;Progressivo;TipoVeicolo;StatoVeicolo;TipoPersona;Sesso;Tipolesione;Deceduto;DecedutoDopo;CinturaCascoUtilizzato;Airbag
1737953;10;29/09/2007 11:30;Strada Urbana;VIALE MARCO FULVIO NOBILIORE;all'intersezione con;VIA PAPIRIA;VIA PAPIRIA;;;Scontro frontale/laterale SX fra veicoli in marcia;Incrocio;Due carreggiate;Asciutto;Asfaltata;Verticale ed orizzontale;Nuvoloso;Intenso;Buona;Ore Diurne;0;0;0;2;;;-1;2;Autovettura privata;In marcia / fermata / arresto;Conducente;F;Illeso;0;;Non accertato;Inesistente
1737954;10;29/09/2007 16:00;Strada Urbana;VIA BERNARDINO ALIMENA;all'intersezione con;VIALE LUIGI SCHIAVONETTI;VIALE LUIGI SCHIAVONETTI;;;Scontro laterale fra veicoli in marcia;Rotatoria;Due carreggiate;Bagnato (pioggia);Asfaltata;Verticale;Nuvoloso;Normale;Buona;Ore Diurne;0;0;0;4;;;-1;1;Autovettura privata;In marcia / fermata / arresto;Conducente;M;Illeso;0;;Non accertato;Inesistente
1737954;10;29/09/2007 16:00;Strada Urbana;VIA BERNARDINO ALIMENA;all'intersezione con;VIALE LUIGI SCHIAVONETTI;VIALE LUIGI SCHIAVONETTI;;;Scontro laterale fra veicoli in marcia;Rotatoria;Due carreggiate;Bagnato (pioggia);Asfaltata;Verticale;Nuvoloso;Normale;Buona;Ore Diurne;0;0;0;4;;;-1;2;Autovettura privata;In marcia / fermata / arresto;Conducente;M;Illeso;0;;Esente;Inesistente
1737954;10;29/09/2007 16:00;Strada Urbana;VIA BERNARDINO ALIMENA;all'intersezione con;VIALE LUIGI SCHIAVONETTI;VIALE LUIGI SCHIAVONETTI;;;Scontro laterale fra veicoli in marcia;Rotatoria;Due carreggiate;Bagnato (pioggia);Asfaltata;Verticale;Nuvoloso;Normale;Buona;Ore Diurne;0;0;0;4;;;-1;2;Autovettura privata;In marcia / fermata / arresto;Passeggero;F;Illeso;0;;Non accertato;Inesistente
1737954;10;29/09/2007 16:00;Strada Urbana;VIA BERNARDINO ALIMENA;all'intersezione con;VIALE LUIGI SCHIAVONETTI;VIALE LUIGI SCHIAVONETTI;;;Scontro laterale fra veicoli in marcia;Rotatoria;Due carreggiate;Bagnato (pioggia);Asfaltata;Verticale;Nuvoloso;Normale;Buona;Ore Diurne;0;0;0;4;;;-1;2;Autovettura privata;In marcia / fermata / arresto;Passeggero;M;Illeso;0;;Non accertato;Inesistente
1737955;10;30/09/2007 00:20;Strada Urbana;VIALE TITO LABIENO;all'intersezione con;VIA QUINTILIO VARO;VIA QUINTILIO VARO;;;Scontro frontale/laterale DX fra veicoli in marcia;Intersezione semaforizzata;Due carreggiate;Asciutto;Asfaltata;Verticale ed orizzontale;Nuvoloso;Scarso;Buona;Sufficiente;1;0;0;1;;;-1;1;Autovettura privata;In marcia / fermata / arresto;Conducente;M;Illeso;0;;Non accertato;Inesistente
1737955;10;30/09/2007 00:20;Strada Urbana;VIALE TITO LABIENO;all'intersezione con;VIA QUINTILIO VARO;VIA QUINTILIO VARO;;;Scontro frontale/laterale DX fra veicoli in marcia;Intersezione semaforizzata;Due carreggiate;Asciutto;Asfaltata;Verticale ed orizzontale;Nuvoloso;Scarso;Buona;Sufficiente;1;0;0;1;;;-1;2;Autovettura privata;In marcia / fermata / arresto;Conducente;M;Rimandato;0;NON DECEDUTO;Non accertato;Inesistente
1737956;10;30/09/2007 02:50;Statale entro l'abitato;VIA TUSCOLANA;in prossimità;;del civico n. ;1234;;Tamponamento Multiplo;Rettilineo;Due carreggiate;Asciutto;Asfaltata;Verticale ed orizzontale;Nuvoloso;Normale;Buona;Sufficiente;2;0;0;3;;;-1;1;Autovettura privata;In marcia / fermata / arresto;Conducente;F;Rimandato;0;NON DECEDUTO;Non accertato;Inesistente
1737956;10;30/09/2007 02:50;Statale entro l'abitato;VIA TUSCOLANA;in prossimità;;del civico n. ;1234;;Tamponamento Multiplo;Rettilineo;Due carreggiate;Asciutto;Asfaltata;Verticale ed orizzontale;Nuvoloso;Normale;Buona;Sufficiente;2;0;0;3;;;-1;1;Autovettura privata;In marcia / fermata / arresto;Passeggero;F;Rimandato;0;NON DECEDUTO;Non accertato;Inesistente
1737956;10;30/09/2007 02:50;Statale entro l'abitato;VIA TUSCOLANA;in prossimità;;del civico n. ;1234;;Tamponamento Multiplo;Rettilineo;Due carreggiate;Asciutto;Asfaltata;Verticale ed orizzontale;Nuvoloso;Normale;Buona;Sufficiente;2;0;0;3;;;-1;2;Autovettura privata;In marcia / fermata / arresto;Conducente;M;Illeso;0;;Non accertato;Inesistente
1737956;10;30/09/2007 02:50;Statale entro l'abitato;VIA TUSCOLANA;in prossimità;;del civico n. ;1234;;Tamponamento Multiplo;Rettilineo;Due carreggiate;Asciutto;Asfaltata;Verticale ed orizzontale;Nuvoloso;Normale;Buona;Sufficiente;2;0;0;3;;;-1;3;Autovettura privata;In marcia / fermata / arresto;Conducente;M;Illeso;0;;Non accertato;Inesistente
1737956;10;30/09/2007 02:50;Statale entro l'abitato;VIA TUSCOLANA;in prossimità;;del civico n. ;1234;;Tamponamento Multiplo;Rettilineo;Due carreggiate;Asciutto;Asfaltata;Verticale ed orizzontale;Nuvoloso;Normale;Buona;Sufficiente;2;0;0;3;;;-1;3;Autovettura privata;In marcia / fermata / arresto;Passeggero;M;Illeso;0;;Non accertato;Inesistente
1737957;11;21/09/2007 19:20;Strada Urbana;VIA LUIGI PERNA;in corrispondenza;;del civico n. ;3;;Scontro laterale fra veicoli in marcia;Rettilineo;Una carreggiata a senso unico di marcia;Asciutto;Asfaltata;Verticale ed orizzontale;Sereno;Normale;Buona;Ore Diurne;0;0;0;3;;;-1;1;Motociclo a solo;In marcia / fermata / arresto;Conducente;M;Illeso;0;;Utilizzato;Inesistente
1737957;11;21/09/2007 19:20;Strada Urbana;VIA LUIGI PERNA;in corrispondenza;;del civico n. ;3;;Scontro laterale fra veicoli in marcia;Rettilineo;Una carreggiata a senso unico di marcia;Asciutto;Asfaltata;Verticale ed orizzontale;Sereno;Normale;Buona;Ore Diurne;0;0;0;3;;;-1;2;Autovettura privata;In marcia / fermata / arresto;Conducente;F;Illeso;0;;Utilizzato;Inesploso
1737957;11;21/09/2007 19:20;Strada Urbana;VIA LUIGI PERNA;in corrispondenza;;del civico n. ;3;;Scontro laterale fra veicoli in marcia;Rettilineo;Una carreggiata a senso unico di marcia;Asciutto;Asfaltata;Verticale ed orizzontale;Sereno;Normale;Buona;Ore Diurne;0;0;0;3;;;-1;2;Autovettura privata;In marcia / fermata / arresto;Passeggero;F;Illeso;0;;Utilizzato;Inesploso
1737958;12;28/09/2007 12:05;Strada Urbana;VIALE DELL'OCEANO INDIANO;in corrispondenza;;del civico n. ;47;;Scontro laterale fra veicoli in marcia;Rettilineo;Una carreggiata a doppio senso;Asciutto;Asfaltata;Verticale ed orizzontale;Nuvoloso;Scarso;Buona;Ore Diurne;1;0;0;2;;;-1;1;Motociclo a solo;In marcia / fermata / arresto;Conducente;M;Rimandato;0;NON DECEDUTO;Utilizzato;Inesistente
1737958;12;28/09/2007 12:05;Strada Urbana;VIALE DELL'OCEANO INDIANO;in corrispondenza;;del civico n. ;47;;Scontro laterale fra veicoli in marcia;Rettilineo;Una carreggiata a doppio senso;Asciutto;Asfaltata;Verticale ed orizzontale;Nuvoloso;Scarso;Buona;Ore Diurne;1;0;0;2;;;-1;2;Autovettura privata;In marcia / fermata / arresto;Conducente;M;Illeso;0;;Utilizzato;Inesploso
1737958;12;28/09/2007 12:05;Strada Urbana;VIALE DELL'OCEANO INDIANO;in corrispondenza;;del civico n. ;47;;Scontro laterale fra veicoli in marcia;Rettilineo;Una carreggiata a doppio senso;Asciutto;Asfaltata;Verticale ed orizzontale;Nuvoloso;Scarso;Buona;Ore Diurne;1;0;0;2;;;-1;3;Autovettura privata;In marcia / fermata / arresto;Conducente;M;Illeso;0;;Utilizzato;Inesistente
1737959;12;28/09/2007 16:00;Statale entro l'abitato;VIA OSTIENSE;in prossimità;;del civico n. ;262;;Scontro laterale fra veicoli in marcia;Rettilineo;Una carreggiata a doppio senso;Asciutto;Asfaltata;Verticale ed orizzontale;Nuvoloso;Normale;Buona;Ore Diurne;0;0;0;2;;;-1;1;Motociclo a solo;In marcia / fermata / arresto;Conducente;M;Illeso;0;;Utilizzato;Inesistente
1737959;12;28/09/2007 16:00;Statale entro l'abitato;VIA OSTIENSE;in prossimità;;del civico n. ;262;;Scontro laterale fra veicoli in marcia;Rettilineo;Una carreggiata a doppio senso;Asciutto;Asfaltata;Verticale ed orizzontale;Nuvoloso;Normale;Buona;Ore Diurne;0;0;0;2;;;-1;2;Autovettura privata;In marcia / fermata / arresto;Conducente;F;Illeso;0;;Utilizzato;Inesistente
1737960;12;28/09/2007 16:30;Provinciale;VIA DI PRATICA;all'intersezione con;VIA DI CASTEL ROMANO;VIA DI CASTEL ROMANO;;;Tamponamento Multiplo;Intersezione stradale segnalata;Una carreggiata a doppio senso;Asciutto;Asfaltata;Verticale ed orizzontale;Sereno;Normale;Buona;Ore Diurne;4;0;0;0;;;-1;1;Autovettura privata;In marcia / fermata / arresto;Conducente;M;Rimandato;0;NON DECEDUTO;Utilizzato;Inesistente
1737960;12;28/09/2007 16:30;Provinciale;VIA DI PRATICA;all'intersezione con;VIA DI CASTEL ROMANO;VIA DI CASTEL ROMANO;;;Tamponamento Multiplo;Intersezione stradale segnalata;Una carreggiata a doppio senso;Asciutto;Asfaltata;Verticale ed orizzontale;Sereno;Normale;Buona;Ore Diurne;4;0;0;0;;;-1;2;Autovettura privata;In marcia / fermata / arresto;Conducente;M;Rimandato;0;NON DECEDUTO;Utilizzato;Inesploso
1737960;12;28/09/2007 16:30;Provinciale;VIA DI PRATICA;all'intersezione con;VIA DI CASTEL ROMANO;VIA DI CASTEL ROMANO;;;Tamponamento Multiplo;Intersezione stradale segnalata;Una carreggiata a doppio senso;Asciutto;Asfaltata;Verticale ed orizzontale;Sereno;Normale;Buona;Ore Diurne;4;0;0;0;;;-1;2;Autovettura privata;In marcia / fermata / arresto;Passeggero;F;Rimandato;0;NON DECEDUTO;Utilizzato;Inesistente
1737960;12;28/09/2007 16:30;Provinciale;VIA DI PRATICA;all'intersezione con;VIA DI CASTEL ROMANO;VIA DI CASTEL ROMANO;;;Tamponamento Multiplo;Intersezione stradale segnalata;Una carreggiata a doppio senso;Asciutto;Asfaltata;Verticale ed orizzontale;Sereno;Normale;Buona;Ore Diurne;4;0;0;0;;;-1;3;Autovettura privata;In marcia / fermata / arresto;Conducente;F;Rimandato;0;NON DECEDUTO;Utilizzato;Inesploso
1737961;13;28/09/2007 15:00;Strada Urbana;VIA ALESSANDRO PIOLA CASELLI;all'intersezione con;VIA FEDERICO PAOLINI;VIA FEDERICO PAOLINI;;;Scontro frontale/laterale DX fra veicoli in marcia;Incrocio;Una carreggiata a doppio senso;Asciutto;Asfaltata;Verticale ed orizzontale;Sereno;Normale;Buona;Ore Diurne;1;0;0;2;;;-1;1;Autovettura privata;In marcia / fermata / arresto;Conducente;F;Rimandato;0;NON DECEDUTO;Non accertato;Inesploso
1737961;13;28/09/2007 15:00;Strada Urbana;VIA ALESSANDRO PIOLA CASELLI;all'intersezione con;VIA FEDERICO PAOLINI;VIA FEDERICO PAOLINI;;;Scontro frontale/laterale DX fra veicoli in marcia;Incrocio;Una carreggiata a doppio senso;Asciutto;Asfaltata;Verticale ed orizzontale;Sereno;Normale;Buona;Ore Diurne;1;0;0;2;;;-1;2;Autovettura privata;In marcia / fermata / arresto;Conducente;F;Illeso;0;;Non accertato;Inesploso
1737961;13;28/09/2007 15:00;Strada Urbana;VIA ALESSANDRO PIOLA CASELLI;all'intersezione con;VIA FEDERICO PAOLINI;VIA FEDERICO PAOLINI;;;Scontro frontale/laterale DX fra veicoli in marcia;Incrocio;Una carreggiata a doppio senso;Asciutto;Asfaltata;Verticale ed orizzontale;Sereno;Normale;Buona;Ore Diurne;1;0;0;2;;;-1;2;Autovettura privata;In marcia / fermata / arresto;Passeggero;F;Illeso;0;;Non accertato;Inesistente
1737962;13;28/09/2007 21:45;Strada Urbana;PIAZZA TOLOSETTO FARINATI DEGLI UBERTI;all'intersezione con;VIA DELLE FIAMME GIALLE;VIA DELLE FIAMME GIALLE;;;Scontro frontale/laterale SX fra veicoli in marcia;Incrocio;Due carreggiate;Asciutto;Asfaltata;Verticale ed orizzontale;Nuvoloso;Normale;Sufficiente;Sufficiente;1;0;1;0;;;-1;1;Motociclo con passeggero;In marcia / fermata / arresto;Conducente;M;Deceduto durante prime cure;-1;;Utilizzato;Inesistente
1737962;13;28/09/2007 21:45;Strada Urbana;PIAZZA TOLOSETTO FARINATI DEGLI UBERTI;all'intersezione con;VIA DELLE FIAMME GIALLE;VIA DELLE FIAMME GIALLE;;;Scontro frontale/laterale SX fra veicoli in marcia;Incrocio;Due carreggiate;Asciutto;Asfaltata;Verticale ed orizzontale;Nuvoloso;Normale;Sufficiente;Sufficiente;1;0;1;0;;;-1;2;Autovettura privata;In marcia / fermata / arresto;Conducente;F;Rimandato;0;NON DECEDUTO;Non accertato;Inesploso
1737963;13;29/09/2007 08:50;Strada Urbana;LUNGOMARE DUILIO;da specificare;;;;altezza via delle Prore;Tamponamento;Rettilineo;Due carreggiate;Asciutto;Asfaltata;Verticale ed orizzontale;Sereno;Normale;Buona;Ore Diurne;0;0;0;3;;;-1;1;Autovettura privata;In marcia / fermata / arresto;Conducente;M;Illeso;0;;Non accertato;Inesploso
1737963;13;29/09/2007 08:50;Strada Urbana;LUNGOMARE DUILIO;da specificare;;;;altezza via delle Prore;Tamponamento;Rettilineo;Due carreggiate;Asciutto;Asfaltata;Verticale ed orizzontale;Sereno;Normale;Buona;Ore Diurne;0;0;0;3;;;-1;1;Autovettura privata;In marcia / fermata / arresto;Passeggero;M;Illeso;0;;Non accertato;Inesploso
1737963;13;29/09/2007 08:50;Strada Urbana;LUNGOMARE DUILIO;da specificare;;;;altezza via delle Prore;Tamponamento;Rettilineo;Due carreggiate;Asciutto;Asfaltata;Verticale ed orizzontale;Sereno;Normale;Buona;Ore Diurne;0;0;0;3;;;-1;2;Autocarro inferiore 35 q.;In marcia / fermata / arresto;Conducente;M;Illeso;0;;Non accertato;Inesploso
1737964;13;29/09/2007 09:55;Strada Urbana;VIALE CHARLES LENORMANT;da specificare;;;;a circa 40 metri dal civico 191;Scontro frontale/laterale SX fra veicoli in marcia;Rettilineo;Una carreggiata a doppio senso;Asciutto;Asfaltata;Orizzontale;Sereno;Normale;Buona;Ore Diurne;1;1;0;1;;;-1;1;Autovettura privata;In marcia / fermata / arresto;Conducente;M;Illeso;0;;Non accertato;Inesploso
1737964;13;29/09/2007 09:55;Strada Urbana;VIALE CHARLES LENORMANT;da specificare;;;;a circa 40 metri dal civico 191;Scontro frontale/laterale SX fra veicoli in marcia;Rettilineo;Una carreggiata a doppio senso;Asciutto;Asfaltata;Orizzontale;Sereno;Normale;Buona;Ore Diurne;1;1;0;1;;;-1;2;Motociclo con passeggero;In marcia / fermata / arresto;Conducente;M;Rimandato;0;NON DECEDUTO;Non accertato;Inesistente
1737964;13;29/09/2007 09:55;Strada Urbana;VIALE CHARLES LENORMANT;da specificare;;;;a circa 40 metri dal civico 191;Scontro frontale/laterale SX fra veicoli in marcia;Rettilineo;Una carreggiata a doppio senso;Asciutto;Asfaltata;Orizzontale;Sereno;Normale;Buona;Ore Diurne;1;1;0;1;;;-1;2;Motociclo con passeggero;In marcia / fermata / arresto;Passeggero;F;Prognosi riservata;0;NON DECEDUTO;Non accertato;Inesistente
1737965;13;29/09/2007 12:15;Strada Urbana;CORSO DUCA DI GENOVA;all'intersezione con;VIA DELLE SIRENE;VIA DELLE SIRENE;;;Scontro frontale/laterale DX fra veicoli in marcia;Incrocio;Una carreggiata a doppio senso;Asciutto;Asfaltata;Verticale ed orizzontale;Nuvoloso;Normale;Buona;Ore Diurne;1;0;0;2;;;-1;1;Autovettura privata;In marcia / fermata / arresto;Conducente;M;Illeso;0;;Non accertato;Inesploso
1737965;13;29/09/2007 12:15;Strada Urbana;CORSO DUCA DI GENOVA;all'intersezione con;VIA DELLE SIRENE;VIA DELLE SIRENE;;;Scontro frontale/laterale DX fra veicoli in marcia;Incrocio;Una carreggiata a doppio senso;Asciutto;Asfaltata;Verticale ed orizzontale;Nuvoloso;Normale;Buona;Ore Diurne;1;0;0;2;;;-1;2;Autovettura privata;In marcia / fermata / arresto;Conducente;M;Ricoverato;0;NON DECEDUTO;Non accertato;Inesploso
1737965;13;29/09/2007 12:15;Strada Urbana;CORSO DUCA DI GENOVA;all'intersezione con;VIA DELLE SIRENE;VIA DELLE SIRENE;;;Scontro frontale/laterale DX fra veicoli in marcia;Incrocio;Una carreggiata a doppio senso;Asciutto;Asfaltata;Verticale ed orizzontale;Nuvoloso;Normale;Buona;Ore Diurne;1;0;0;2;;;-1;2;Autovettura privata;In marcia / fermata / arresto;Passeggero;M;Illeso;0;;Non accertato;Inesistente
1737967;13;29/09/2007 13:40;Strada Urbana;VIA FABIANO LANDI;in prossimità;;del civico n. ;50;;Veicolo in marcia contro ostacolo fisso;Rettilineo;Una carreggiata a senso unico di marcia;Bagnato (pioggia);Sterrata;Assente;Nuvoloso;Scarso;Buona;Ore Diurne;0;0;0;1;;;-1;1;Autovettura privata;In marcia / fermata / arresto;Conducente;M;Illeso;0;;Non accertato;Inesploso
1737968;13;29/09/2007 17:00;Strada Urbana;PIAZZALE DELLA STAZIONE DEL LIDO;da specificare;;;;nella piazza;Tamponamento;Rettilineo;Una carreggiata a senso unico di marcia;Asciutto;Asfaltata;Orizzontale;Nuvoloso;Normale;Buona;Ore Diurne;0;0;0;2;;;-1;1;Autovettura privata;In marcia / fermata / arresto;Conducente;F;Illeso;0;;Non accertato;Inesistente
1737968;13;29/09/2007 17:00;Strada Urbana;PIAZZALE DELLA STAZIONE DEL LIDO;da specificare;;;;nella piazza;Tamponamento;Rettilineo;Una carreggiata a senso unico di marcia;Asciutto;Asfaltata;Orizzontale;Nuvoloso;Normale;Buona;Ore Diurne;0;0;0;2;;;-1;2;Autovettura privata;In marcia / fermata / arresto;Conducente;M;Illeso;0;;Non accertato;Inesistente
1737969;13;29/09/2007 21:00;Strada Urbana;VIA DOMENICO PURIFICATO;all'intersezione con;VIA FRANCESCO NETTI;VIA FRANCESCO NETTI;;;Scontro frontale/laterale DX fra veicoli in marcia;Incrocio;Una carreggiata a doppio senso;Asciutto;Asfaltata;Verticale;Sereno;Scarso;Buona;Sufficiente;0;0;0;2;;;-1;1;Autovettura privata;In marcia / fermata / arresto;Conducente;F;Illeso;0;;Non accertato;Inesploso
1737969;13;29/09/2007 21:00;Strada Urbana;VIA DOMENICO PURIFICATO;all'intersezione con;VIA FRANCESCO NETTI;VIA FRANCESCO NETTI;;;Scontro frontale/laterale DX fra veicoli in marcia;Incrocio;Una carreggiata a doppio senso;Asciutto;Asfaltata;Verticale;Sereno;Scarso;Buona;Sufficiente;0;0;0;2;;;-1;2;Autovettura privata;In marcia / fermata / arresto;Conducente;M;Illeso;0;;Non accertato;Inesploso
1737970;13;30/09/2007 03:00;Strada Urbana;VIA PAVULLO NEL FRIGNANO;all'intersezione con;VIA GIAMBATTISTA GELLI;VIA GIAMBATTISTA GELLI;;;Scontro frontale/laterale SX fra veicoli in marcia;Intersezione non regolata/non segnalata;Una carreggiata a senso unico di marcia;Asciutto;Asfaltata;Verticale ed orizzontale;Sereno;Scarso;Buona;Sufficiente;0;0;0;3;;;-1;1;Autovettura privata;In marcia / fermata / arresto;Conducente;F;Illeso;0;;Non accertato;Inesploso
1737970;13;30/09/2007 03:00;Strada Urbana;VIA PAVULLO NEL FRIGNANO;all'intersezione con;VIA GIAMBATTISTA GELLI;VIA GIAMBATTISTA GELLI;;;Scontro frontale/laterale SX fra veicoli in marcia;Intersezione non regolata/non segnalata;Una carreggiata a senso unico di marcia;Asciutto;Asfaltata;Verticale ed orizzontale;Sereno;Scarso;Buona;Sufficiente;0;0;0;3;;;-1;1;Autovettura privata;In marcia / fermata / arresto;Passeggero;F;Illeso;0;;Non accertato;Inesistente
1737970;13;30/09/2007 03:00;Strada Urbana;VIA PAVULLO NEL FRIGNANO;all'intersezione con;VIA GIAMBATTISTA GELLI;VIA GIAMBATTISTA GELLI;;;Scontro frontale/laterale SX fra veicoli in marcia;Intersezione non regolata/non segnalata;Una carreggiata a senso unico di marcia;Asciutto;Asfaltata;Verticale ed orizzontale;Sereno;Scarso;Buona;Sufficiente;0;0;0;3;;;-1;2;Autovettura privata;In marcia / fermata / arresto;Conducente;M;Illeso;0;;Non accertato;Inesploso
1737973;17;10/09/2007 05:30;Strada Urbana;LARGO DI PORTA CASTELLO;all'intersezione semaforizzata con;VIA DI PORTA CASTELLO;VIA DI PORTA CASTELLO;;;Scontro frontale/laterale SX fra veicoli in marcia;Intersezione semaforizzata;Una carreggiata a senso unico di marcia;Asciutto;Asfaltata;Verticale;Sereno;Scarso;Buona;Ore Diurne;3;0;0;2;;;-1;1;Autoambulanza;In marcia / fermata / arresto;Conducente;M;Rimandato;0;NON DECEDUTO;Esente;Inesploso
1737973;17;10/09/2007 05:30;Strada Urbana;LARGO DI PORTA CASTELLO;all'intersezione semaforizzata con;VIA DI PORTA CASTELLO;VIA DI PORTA CASTELLO;;;Scontro frontale/laterale SX fra veicoli in marcia;Intersezione semaforizzata;Una carreggiata a senso unico di marcia;Asciutto;Asfaltata;Verticale;Sereno;Scarso;Buona;Ore Diurne;3;0;0;2;;;-1;1;Autoambulanza;In marcia / fermata / arresto;Passeggero;F;Rimandato;0;NON DECEDUTO;Esente;Inesistente
1737973;17;10/09/2007 05:30;Strada Urbana;LARGO DI PORTA CASTELLO;all'intersezione semaforizzata con;VIA DI PORTA CASTELLO;VIA DI PORTA CASTELLO;;;Scontro frontale/laterale SX fra veicoli in marcia;Intersezione semaforizzata;Una carreggiata a senso unico di marcia;Asciutto;Asfaltata;Verticale;Sereno;Scarso;Buona;Ore Diurne;3;0;0;2;;;-1;1;Autoambulanza;In marcia / fermata / arresto;Passeggero;M;Illeso;0;;Non accertato;Inesploso
1737973;17;10/09/2007 05:30;Strada Urbana;LARGO DI PORTA CASTELLO;all'intersezione semaforizzata con;VIA DI PORTA CASTELLO;VIA DI PORTA CASTELLO;;;Scontro frontale/laterale SX fra veicoli in marcia;Intersezione semaforizzata;Una carreggiata a senso unico di marcia;Asciutto;Asfaltata;Verticale;Sereno;Scarso;Buona;Ore Diurne;3;0;0;2;;;-1;1;Autoambulanza;In marcia / fermata / arresto;Passeggero;M;Rimandato;0;NON DECEDUTO;Non accertato;Inesploso
1737973;17;10/09/2007 05:30;Strada Urbana;LARGO DI PORTA CASTELLO;all'intersezione semaforizzata con;VIA DI PORTA CASTELLO;VIA DI PORTA CASTELLO;;;Scontro frontale/laterale SX fra veicoli in marcia;Intersezione semaforizzata;Una carreggiata a senso unico di marcia;Asciutto;Asfaltata;Verticale;Sereno;Scarso;Buona;Ore Diurne;3;0;0;2;;;-1;2;Autovettura privata;In marcia / fermata / arresto;Conducente;M;Illeso;0;;Non accertato;Inesploso
1737974;2;29/09/2007 10:00;Strada Urbana;VIA VOLSINIO;all'intersezione con;VIA TARO;VIA TARO;;;Scontro frontale/laterale SX fra veicoli in marcia;Incrocio;Una carreggiata a senso unico di marcia;Asciutto;Asfaltata;Verticale;Sereno;Normale;Buona;Ore Diurne;0;0;0;3;;;-1;0;Autovettura privata;In marcia / fermata / arresto;Conducente;F;Illeso;0;;Non accertato;Inesistente
1737974;2;29/09/2007 10:00;Strada Urbana;VIA VOLSINIO;all'intersezione con;VIA TARO;VIA TARO;;;Scontro frontale/laterale SX fra veicoli in marcia;Incrocio;Una carreggiata a senso unico di marcia;Asciutto;Asfaltata;Verticale;Sereno;Normale;Buona;Ore Diurne;0;0;0;3;;;-1;0;Autovettura privata;In marcia / fermata / arresto;Passeggero;F;Illeso;0;;Non accertato;Inesistente
1737974;2;29/09/2007 10:00;Strada Urbana;VIA VOLSINIO;all'intersezione con;VIA TARO;VIA TARO;;;Scontro frontale/laterale SX fra veicoli in marcia;Incrocio;Una carreggiata a senso unico di marcia;Asciutto;Asfaltata;Verticale;Sereno;Normale;Buona;Ore Diurne;0;0;0;3;;;-1;2;Autovettura privata;In marcia / fermata / arresto;Conducente;F;Illeso;0;;Non accertato;Esploso
1737975;20;29/09/2007 11:00;Statale entro l'abitato;VIA CASSIA;in prossimità;;della chilometrica ;13,7;;Investimento di pedone;Rettilineo;Una carreggiata a doppio senso;Asciutto;Asfaltata;Orizzontale;Nuvoloso;Normale;Buona;Ore Diurne;1;0;0;1;;;-1;;;;Pedone;M;Ricoverato;0;NON DECEDUTO;;
1737975;20;29/09/2007 11:00;Statale entro l'abitato;VIA CASSIA;in prossimità;;della chilometrica ;13,7;;Investimento di pedone;Rettilineo;Una carreggiata a doppio senso;Asciutto;Asfaltata;Orizzontale;Nuvoloso;Normale;Buona;Ore Diurne;1;0;0;1;;;-1;1;Autovettura privata;In marcia / fermata / arresto;Conducente;M;Illeso;0;;Non accertato;Inesistente
1737976;20;29/09/2007 20:40;Strada Urbana;VIA CASSIA;all'intersezione con;VIA VILFREDO PARETO;VIA VILFREDO PARETO;;;Scontro frontale/laterale SX fra veicoli in marcia;Incrocio;Una carreggiata a doppio senso;Asciutto;Asfaltata;Verticale ed orizzontale;Nuvoloso;Normale;Buona;Sufficiente;1;0;0;0;;;-1;1;Motociclo a solo;In marcia / fermata / arresto;Conducente;M;Rifiuta cure immediate;0;NON DECEDUTO;Utilizzato;Inesistente
1737977;20;30/09/2007 02:10;Strada Urbana;VIA DI VIGNA STELLUTI;in prossimità;;del civico n. ;208;;Veicolo in marcia contro veicolo in sosta;Rettilineo;Una carreggiata a doppio senso;Asciutto;Asfaltata;Orizzontale;Sereno;Scarso;Sufficiente;Sufficiente;1;0;0;0;;;-1;1;Motociclo a solo;In marcia / fermata / arresto;Conducente;F;Rimandato;0;NON DECEDUTO;Non accertato;Inesistente
1737978;20;29/09/2007 10:00;Strada Urbana;VIA DI BACCANELLO;all'intersezione con;VIA DI COLLE FEBBRARO;VIA DI COLLE FEBBRARO;;;Scontro frontale/laterale SX fra veicoli in marcia;Incrocio;Una carreggiata a doppio senso;Asciutto;Asfaltata;Orizzontale;Nuvoloso;Normale;Buona;Ore Diurne;2;0;0;1;;;-1;1;Autovettura privata;In marcia / fermata / arresto;Conducente;M;Illeso;0;;Non accertato;Inesistente
1737978;20;29/09/2007 10:00;Strada Urbana;VIA DI BACCANELLO;all'intersezione con;VIA DI COLLE FEBBRARO;VIA DI COLLE FEBBRARO;;;Scontro frontale/laterale SX fra veicoli in marcia;Incrocio;Una carreggiata a doppio senso;Asciutto;Asfaltata;Orizzontale;Nuvoloso;Normale;Buona;Ore Diurne;2;0;0;1;;;-1;2;Autovettura privata;In marcia / fermata / arresto;Conducente;M;Rifiuta cure immediate;0;NON DECEDUTO;Non accertato;Inesistente